,HHO_impove,HHO,HHO_Chaos,HHO_DE
0,38681228.60031875,120234807.97236452,28618410.404657997,450575785.3766395
1,573929868.4421242,7327727.044989393,221933121.03021926,64645429.35116388
2,52349101.15549529,329941770.8225946,157963608.94266617,36055451.4743191
3,431963058.87833345,350906285.0751243,596195858.615242,714767496.7776031
4,1710722750.773004,49939950.115077585,10717018.174879778,230382307.10308576
