,HHO,GA,HHO_SMA,HHO_DE_Chaos/0.3
0,226914775.23739237,1220136.0950026996,222680833.26552576,185807200.44926265
