,GA,HHO,HHO_SMA,HHO_SMA_Chaos,HHO_SMA_DE,OriginalSMA,HHO_DE_Chaos,Random
0,267309.0933263307,971735.9611057214,1217269.8055968117,921241.9155115228,1901232.6326668272,480946.8899881012,2322862.8023762726,450597.44881882967
