,GA,HHO,HHO_SMA,HHO_SMA_Chaos,HHO_SMA_DE,OriginalSMA,HHO_DE_Chaos,Random
0,0.0,1975.7714326020284,4034.5733804953597,0.0,0.0,0.0,0.0,129.7819574964903
